"post_id","post_name","post_type","post_title","post_category"
2361,190626001,"post","温泉前には脱毛サロンがおすすめ！準備すれば露天風呂も恥ずかしくない！","allparts"
2185,190612001,"post","エステサロンのキャンペーンは本当にお得？｜キャンペーン利用者へのアンケート結果まとめ","allparts"
2131,190607001,"post","【3社脱毛サロン比較】ミュゼ・キレイモ・銀座カラーのメリット【おすすめは？】","allparts"
1003,190219002,"post","脱毛サロンの掛け持ちってできるの？注意点やメリット・デメリットも！","allparts"
935,190211001,"post","格安or無料でサロンの脱毛施術をお試し！【体験脱毛制度のメリットまとめ】","allparts"
879,190204001,"post","脱毛サロンの割引制度・キャンペーンにはどのようなものがある？","allparts"
164,181031012,"post","エステ脱毛の特徴とは？メリット・仕組みを徹底解説！","allparts"
227,181031013,"post","脱毛サロンを安いだけで選んでもいいの？選び方と注意点","allparts"
290,181031018,"post","脱毛サロンの比較ポイント7つ｜種類・回数・料金・予約方法などを解説！","allparts"
282,181031019,"post","脱毛サロンで効果を感じられる回数は？脱毛サロンの効果を解説","allparts"
317,181031028,"post","脱毛サロンの永久脱毛は効果ない？永久脱毛の定義とその効果","allparts"
3883,190912002,"post","手の甲・指脱毛のメリットって？｜手を見せる職業以外にもおすすめ！","arm"
3748,190904002,"post","腕脱毛がおすすめの理由って？｜自己処理のデメリット【腕の毛がチクチクする】","arm"
235,181031010,"post","夏に向けて腕脱毛の人気が高まる！腕の脱毛の効果とは？","arm"
306,181031030,"post","尻毛（お尻）脱毛のメリットは？効果・料金・回数まとめ","ass"
3991,190921001,"post","背中のサロン脱毛に必要な回数は？｜背中のムダ毛をキレイにするメリット","back"
1768,190425001,"post","背中の脱毛は自宅でも可能！｜脱毛タオルなどでのやり方と注意点","back"
259,181031005,"post","背中の脱毛するべき？自己処理との比較や料金相場","back"
4010,190924001,"post","お腹やおへそ回りの脱毛に必要な期間や費用は？｜サロン脱毛のメリット","belly"
269,181031021,"post","お腹まわりの脱毛は効果ある？｜料金相場や自己処理との違いをご紹介","belly"
4730,191210002,"post","パパッと簡単！おすすめの自作加湿器3つの作り方を紹介","body"
4743,191210005,"post","年末に向けて美しい手を目指そう。自分で手軽にできる手のケア方法を紹介","body"
4692,191203001,"post","冬も脇汗やニオイが気になる…原因と対策方法を解説","body"
4648,191128003,"post","焼肉を食べた翌日に気をつけたいことは？効果的なダイエット方法も紹介","body"
4627,191126001,"post","冬の乾燥対策に。おすすめの保湿クリーム8選！プチプラ・デパコス別","body"
4601,191121003,"post","11/23は勤労感謝の日｜疲れた体を癒すお風呂グッズ7選","body"
4581,191119003,"post","11/19は世界トイレの日｜トイレで続けたい痩せトレーニング5選","body"
4550,191113001,"post","手の血管が浮き出る！撮影やデート前に実践したいマッサージ方法","body"
4376,191026001,"post","自然でかわいい笑顔の作り方｜エクササイズで口角アップ","body"
4368,191024001,"post","ズボラ女子は必見！本を読みながらできるボディケア【読書の日】","body"
4361,191024003,"post","本を読みながらスタイルアップ！ずぼらエクササイズ＆ストレッチ【読書の日】","body"
4334,191018001,"post","オフの日に試したい！疲労回復に効果的な入浴法＆入浴剤","body"
4312,191016001,"post","ウナギは優秀な美容食材だった！髪や肌へのうれしい効果【秋の土用】","body"
4297,191012001,"post","キノコで内側からキレイになる！ボディ・ヘア・肌への効果【キノコの日】","body"
4232,191010002,"post","お風呂ダイエットで無理なく痩せる！入浴するたびキレイになるコツ","body"
4203,191007003,"post","サツマイモは肌や髪にも効果あり！｜サツマイモの日をきっかけにボディケア？","body"
4191,191003001,"post","バストアップに効果が期待できる食べ物は？｜理想のバストを手に入れるための栄養素","body"
4146,191001004,"post","世界のセレブに学ぶ！驚きのプチプラボディケア方法【国際協力の日】","body"
4106,190927004,"post","オフィスでも使える！簡単にできるダイエットグッズ","body"
4043,190926006,"post","女性限定パーソナルジム・クレビック（CREBIQ）ではたった2か月で痩せられる？","body"
4035,190925001,"post","ホットヨガで脚やせするためのコツは？｜脚やせで効果的なポーズを紹介","body"
4032,190925002,"post","ホットヨガスタジオ・カルド(CALDO)で効果的にダイエットできる理由って？","body"
4024,190925004,"post","本気で痩せたい方はFiNCFit（フィンクフィット）で質の高いトレーニングを！","body"
3998,190923001,"post","胸を大きくバストアップする効果的な方法・対策まとめ【今すぐ実践できる！】","body"
3995,190922001,"post","美脚になりたい方が知っておくべき対策【美脚マッサージ・おすすめ栄養素】","body"
3970,190919001,"post","自宅で簡単にケアしたい！カサつきが気になる部分のお手入れ・保湿ケア方法","body"
3920,190916002,"post","人気のインスタグラマー「chii158cm」に学ぶ！お勧めのダイエット方法","body"
3208,190915002,"post","【最新レビュー】アットベリーは黒ずみに効果なし？口コミや購入方法も紹介！","body"
3893,190913002,"post","明日から始められる！ピカピカ美肌を作る美容方法！","body"
3723,190904004,"post","毎日の疲れを癒すおすすめのボディケア","body"
3730,190904005,"post","デリケートゾーンのにおいの原因・対策は？｜誰にも相談できないお悩みを解決！","body"
3680,190902001,"post","休みの日は贅沢に！土日でできるボディケア","body"
3546,190823001,"post","脇汗を止める方法はある？｜女性の脇の悩み（脇汗・ニオイ）の解決策まとめ","body"
3473,190819001,"post","【体験】ボニックプロの効果・口コミは本当？使い方や注意点も紹介","body"
3469,190819002,"post","むくみ軽減サプリ「脚きゅっと」でダル重むくみ脚をスッキリ！","body"
3463,190819003,"post","ネイルを楽しみたいのにひび割れ・縦線に悩むあなたに！ネイルケアサプリ「Nailly」","body"
3424,190816001,"post","治りにくいデコルテのニキビ・ザラつき胸ニキビケアにcrystalmotion","body"
3414,190816002,"post","一人で悩みがちなデリケートゾーンのニオイや黒ずみ…実はFEMIDEOでWケアできちゃいます！","body"
3409,190815001,"post","モデルも愛用?バストアップサプリ「Glammy Plus」で理想の美バストをゲット！","body"
3388,190815005,"post","黒ずみが気になる肘・膝・脇にアットベリー！塗るだけでうるおい美白が叶うという噂","body"
3535,190826003,"post","【最新レビュー】フェミデオは黒ずみに効果なし？口コミ・注意点などを検証！","body"
3936,190917001,"post","胸の脱毛は恥ずかしい？｜それでも胸脱毛をするメリットは？","breast"
1438,190901002,"post","埋没毛ができる原因と対策・正しいお手入れ方法｜埋没毛を予防してキレイなお肌に！","bury"
3286,190809001,"post","埋没毛で黒ずみができる原因って？｜色素沈着・ブツブツを治す方法をチェック！","bury"
1482,190325001,"post","膝の埋没毛を正しく治す方法は？｜脱毛後のスキンケアもお忘れずに！","bury"
1450,190323001,"post","埋没毛はピーリングで治る？｜ピーリングの効果とメリットまとめ","bury"
1447,190322001,"post","ブラジリアンワックスは埋没毛の原因になる理由｜埋没毛のリスクが低い脱毛方法は？","bury"
1443,190321001,"post","スクラブで埋没毛は治せる！｜埋没毛の除去で効くスクラブは？","bury"
1434,190320002,"post","埋没毛を放置すれば自然に抜け落ちる？｜無理やり毛を抜くのはNG！","bury"
1431,190320003,"post","埋没毛による腫れの原因と対処法まとめ｜ムダ毛の間違った処理方法に要注意！","bury"
1417,190319001,"post","長い埋没毛ができるのは脱毛処理方法の問題？｜埋没毛の対処法まとめ","bury"
4081,190929003,"post","シースリーの料金・脱毛プランは？｜通い放題（月額制）で無制限に脱毛できる！","c3"
4085,190928002,"post","シースリーでの脱毛料金の支払い方法｜分割払いやカード払いは可能？","c3"
2482,190703002,"post","シースリーの解約方法・解約金がかかる条件を事前にチェック！","c3"
2471,190702001,"post","シースリーは予約が取りづらい？｜予約方法・予約が取りやすくなる対処法まとめ","c3"
577,181226001,"post","口コミでも人気多数！『C3（シースリー）』の脱毛効果体験レポート","c3"
579,181218001,"post","脱毛サロンC３（シースリー）の魅力をガッツリ解説！","c3"
4708,191205004,"post","12月にしたくなるネイルはこれ！おすすめデザイン7選?","cosme"
4702,191204001,"post","ふるさと納税で節税対策&美容グッズをお寄り寄せ！【2019年・おすすめコスメ返礼品】","cosme"
4616,191125001,"post","冬のコーデでニーハイを使ってみよう！｜大人が着こなすニーハイをチェック","cosme"
4489,191106001,"post","11月8日は「いい歯の日」｜ホワイトニングに効果的な歯磨き粉7選！","cosme"
4443,191101003,"post","【2019最新】大人かわいい秋ネイルのおすすめデザイン7選！","cosme"
4316,191017003,"post","大人のハロウィンネイル｜ひかえめだけどかわいいデザインを紹介","cosme"
4202,191009001,"post","【最新レビュー】ネイリーで美爪になれる？効果やメリットを徹底解説","cosme"
4198,191005001,"post","まつげ美容液は失明する危険性がある？｜リスクなく安全に使うためには？","cosme"
4005,191004001,"post","アグロウアイズで美眉になれるって本当？効果や口コミを徹底レビュー","cosme"
4160,191002001,"post","2019秋の流行ヘアスタイル（バング・スタイリング・カラー）を徹底解説！","cosme"
4108,190927003,"post","かわいいネイルがスグに完成！簡単にできるセルフアレンジ","cosme"
3952,190918001,"post","秋におすすめのネイルデザインは？｜秋のネイルで好まれる色は◯◯！","cosme"
3886,190912003,"post","手軽にネイルを楽しめる！ピールオフネイル","cosme"
3407,190815002,"post","スッピンこそ最強の時短メイク！「アグロウアイズ」でメイク要らずのしっかり眉毛・まつげを手に入れよう！","cosme"
2728,190712002,"post","脱毛ラボの無料体験キャンペーンが分かりづらい？｜どれだけ安くなる？","datsumo-labo"
2724,190707001,"post","脱毛ラボの予約方法・変更（キャンセル）で気をつけておくべきことは？","datsumo-labo"
978,190214002,"post","人気美容脱毛サロン「脱毛ラボ」から家庭用光美容器「Datsumo Labo Home Edition」発売！","datsumo-labo"
512,181203001,"post","月額制全身脱毛の先駆者「脱毛ラボ」が富山駅そばにオープン！","datsumo-labo"
366,181031023,"post","とにかく安いと大人気の『脱毛ラボ』の脱毛効果や口コミをレビュー！","datsumo-labo"
4720,191205001,"post","寒い冬の「ムダ毛」と「乾燥」を一気に撃退！保湿効果のある除毛クリーム5選","datsumou"
1671,191106002,"post","除毛クリームを使う頻度に要注意！｜使いすぎがよくない理由・肌荒れ対策のポイント","datsumou"
4344,191019001,"post","除毛クリームですね毛を処理！肌が弱い人も処理できる？【キレイに脱毛するには？】","datsumou"
1489,190927007,"post","除毛クリームで永久脱毛は可能なの？｜除毛クリームの本当の効果・おすすめ商品ご紹介","datsumou"
4001,190924005,"post","自分で見えないうなじは除毛クリームで処理！｜キレイに仕上げる方法は？","datsumou"
3876,190911002,"post","【検証】ミュゼの除毛クリームをレビュー！効果・口コミ・使い方は？","datsumou"
3836,190908003,"post","【最新】ミュゼの除毛クリームは効果なし？口コミ・効果・購入方法を検証","datsumou"
3334,190813001,"post","脱毛石鹸のメリット・デメリット比較！効果のある成分と正しい使い方","datsumou"
3306,190812001,"post","手作り抑毛ローションの材料と作り方｜正しい使い方も解説","datsumou"
3310,190810001,"post","脱毛石鹸で洗うだけ脱毛！｜効果がないのは脱毛石鹸の使い方に問題あり？","datsumou"
3062,190804001,"post","脱毛石鹸で毛が減るのはなぜ？永久脱毛効果はある？","datsumou"
3045,190730001,"post","評判の良いおすすめの除毛クリーム8選【女性のムダ毛対策にピッタリ！】","datsumou"
3030,190729001,"post","体毛に悩んだら抑毛ローションがおすすめ！【効果と選び方は？】","datsumou"
2989,190728001,"post","脱毛ケアは手軽な脱毛石鹸が人気でおすすめ！市販品の選び方のコツ","datsumou"
2981,190727001,"post","脱毛するなら手軽で人気の脱毛器がおすすめ！比較ポイントと使い方","datsumou"
2985,190726001,"post","ヘアーリデューシングクリームで抑毛できる？｜正しく使って抑毛効果をアップ！","datsumou"
2976,190725001,"post","イソフラボン抑毛ローションの効果と副作用｜手作りできておすすめ！","datsumou"
2739,190716001,"post","陰毛のセルフ脱毛方法を解説！【陰毛の脱毛メリット・注意点は？】","datsumou"
2082,190602001,"post","うなじに除毛クリームを使う場合のポイント・他の自己処理方法との比較メリット","datsumou"
2062,190531001,"post","背中に除毛クリームを塗るコツ・キレイな自己処理方法を解説！","datsumou"
1952,190519001,"post","陰毛を抜くのはNG！｜陰毛（アンダーヘア）の正しい自己処理方法は？","datsumou"
1949,190518001,"post","シュガーワックスのVIO脱毛は効果ある？｜シュガーワックスの作り方まとめ","datsumou"
1916,190513001,"post","VIO（アンダーヘア）の処理は電気シェーバーの方が安全！｜カミソリとの比較まとめ","datsumou"
1816,190502001,"post","デリケートゾーンの脱毛は自宅でもできる！｜セルフケア（自己処理）の方法","datsumou"
1794,190501001,"post","脇脱毛を自宅でする時の注意点は？｜おすすめの脇毛処理方法をチェック！","datsumou"
1786,190429001,"post","ヒートカッターでの自己処理でチクチク感はない？｜メリットとデメリットまとめ","datsumou"
1781,190428001,"post","ヒートカッターの正しい使い方は？｜ヒートカッターを選ぶ際のポイント","datsumou"
1777,190427001,"post","家庭用脱毛機は安全？｜顔脱毛を自己処理する際のリスクとは？","datsumou"
1732,190419001,"post","市販の除毛クリームを選ぶ際の注意点｜おすすめの除毛クリーム商品をご紹介！","datsumou"
1715,190418001,"post","除毛クリームの正しい使い方｜肌トラブルを回避するための注意点","datsumou"
1710,190417001,"post","エピラット除毛クリームの効果は良い？｜口コミ・評判まとめ","datsumou"
1706,190416001,"post","veet（ヴィート）除毛クリームの種類・効果・口コミ・注意点は？","datsumou"
1694,190414001,"post","顔用除毛クリームはどこで買える？選び方と使い方を紹介！","datsumou"
1691,190413001,"post","脇に使う除毛クリームは何がいい？｜脇の脱毛効果について解説！","datsumou"
1687,190412001,"post","デリケートゾーン（VIO）でおすすめの除毛クリームは？｜使い方注意点まとめ","datsumou"
1654,190410001,"post","除毛クリームで毛が濃くなる？｜実際は毛が濃く「見える」だけ！","datsumou"
1521,190401003,"post","VIO脱毛はせずにアンダーヘアの自己処理をヒートカッターでする方法をご紹介！","datsumou"
1517,190331001,"post","VIOの正しい剃り方・自己処理方法って？｜VIO脱毛前の正しいお手入れ方法を解説！","datsumou"
1501,190328001,"post","【アンケート結果】除毛クリームのメリット・デメリットは？注意点も紹介！","datsumou"
1064,190224001,"post","ワックス脱毛のやり方とメリット｜自己処理でワックス脱毛をする際の注意点","datsumou"
3881,191206001,"post","【2019年12月6日 更新】脱毛・美容コスメに関する最新ニュース・トレンド情報まとめ！","epilation"
892,191127001,"post","脱毛を始める時期は春夏秋冬いつがオススメ？｜冬の脱毛が特に向いている理由","epilation"
998,191115001,"post","脱毛・自己処理後に肌にできる「赤いぶつぶつ」の正体【保湿ケアが大事！】","epilation"
3558,190827002,"post","【メディア掲載】全身診断診断メーカーのコンテンツを外部サイトよりご紹介いただきました！","epilation"
3536,190824001,"post","脱毛中の日焼けはNG！｜日焼けによって脱毛効果が下がる？【どれだけの日焼けならOK?】","epilation"
3206,190808001,"post","脱毛をすると黒ずみが消えるのはウソ？｜効果的な黒ずみ対策でお肌をキレイに！","epilation"
2748,190716002,"post","ハイジニーナでも温泉に入れる！デリケートゾーンを脱毛するメリットと方法","epilation"
2735,190715001,"post","学生なら学割でお得に脱毛！安い脱毛方法とローンの組み方","epilation"
2501,190705002,"post","7月5日は【ビキニの日】男性は、水着女性の顔よりも●●を2.5倍以上も見ている！","epilation"
2316,190623001,"post","【夏に要注意】みんなが気になるカラダのニオイ1位はココだ！","epilation"
2266,190620001,"post","【アンケート】15歳〜40代女性の脱毛サロン利用に関する実態調査","epilation"
2085,190604001,"post","子供用の除毛クリームはどれがおすすめ？｜肌へのやさしさが重要！","epilation"
2034,190527001,"post","子供（赤ちゃん）の鼻毛はいつから処理する？｜お手入れ・切り方を解説","epilation"
1773,190426001,"post","脱毛は何回で終わる？｜必要な回数と脱毛効果を上げるためのポイント","epilation"
1744,190421001,"post","脱毛は何歳からできる？｜サロン脱毛に通うのは早めが良い理由","epilation"
1638,190406001,"post","フラッシュ脱毛の効果と回数は？｜お手入れ回数は多いけど美肌効果でおすすめ！","epilation"
1225,190302001,"post","脱毛前後の運動には要注意！【運動によるお肌のトラブルを避けましょう】","epilation"
1150,190228002,"post","脱毛後に頭痛が来たときの対策まとめ【脱毛後の頭痛には理由がある！】","epilation"
1118,190227002,"post","予防接種前後の脱毛は危険！｜サロンでの脱毛施術を受けられない理由","epilation"
1115,190226004,"post","脱毛前後の飲酒には要注意！【肌トラブル・脱毛効果低下の恐れあり】","epilation"
1094,190225001,"post","脱毛の適切な頻度は施術方法・部位によって変わる？【脱毛効果が下がるリスクも】","epilation"
1058,190223001,"post","ニードル脱毛のメカニズム・高い永久脱毛効果を解説｜痛みの強さがデメリット","epilation"
1025,190221003,"post","痛みが比較的少ない光脱毛のメカニズム・メリットまとめ","epilation"
1016,190220001,"post","【要注意！】脱毛前後の入浴を避けるべき理由・注意点まとめ","epilation"
988,190217002,"post","体調が悪い時に脱毛施術を受けてはいけない理由【肌トラブルのリスク】","epilation"
985,190216001,"post","脱毛ができないケースは？｜体調不良や肌のコンディションに注意！","epilation"
980,190215001,"post","定番の脱毛部位は脇や腕！｜部位によって脱毛の効果が変わる？","epilation"
951,190214001,"post","脱毛するときの痛い部位ってどこ？【特に痛みが強い部位について解説】","epilation"
943,190213002,"post","脱毛すると脇汗が増えるという噂はウソ｜脇が臭くなることもありません！","epilation"
938,190212001,"post","ニキビがある状態でも脱毛可能？｜脱毛によるニキビの悪化に要注意！","epilation"
907,190210001,"post","未成年の脱毛は保護者の許可が必要！｜脱毛サロンで必要な同意書について","epilation"
728,190209001,"post","ツルツル！全身脱毛診断メーカーのキャラクター紹介","epilation"
901,190209002,"post","脱毛のきっかけは何？｜脱毛の目的・サロンへいく理由とメリットを解説！","epilation"
895,190208001,"post","【初心者は要チェック！】脱毛前に知っておきたい知識と事前準備","epilation"
872,190202001,"post","脱毛できる箇所が多いほうがお得？｜部分脱毛の表現の仕方","epilation"
631,181226002,"post","冬休みにはじめる自分磨きで人気No1は「脱毛」でした","epilation"
273,181031001,"post","【脱毛方法】自己処理とサロン脱毛の違いは？方法やメリットを解説","epilation"
255,181031004,"post","脱毛方法を徹底比較！種類・料金・回数・向いている人は？","epilation"
243,181031008,"post","脱毛を体験してから始めたい！お試しで一回だけ体験することは可能？","epilation"
239,181031009,"post","脱毛にはどのくらいかかる？目安の期間はどのくらい？通うペースは効果に影響する？","epilation"
302,181031015,"post","月額制の脱毛サロン｜その仕組みとメリット・デメリット","epilation"
298,181031016,"post","脱毛で痛みを感じる理由とは？サロンと医療の比較や痛みを感じやすい部位について","epilation"
294,181031017,"post","産毛脱毛のメリット・デメリット！脱毛する際の注意点をご紹介","epilation"
310,181031029,"post","剛毛でも脱毛はできる？痛みはある？脱毛効果を感じる回数とは","epilation"
1646,190408001,"post","永久脱毛と脱毛の違いは？｜永久脱毛の施術方法・向いている人について解説！","eternal"
1642,190407001,"post","永久脱毛の仕組みを解説｜サロンでも永久脱毛に近い効果が！","eternal"
1495,190327001,"post","永久脱毛でワキガや臭いが改善される？｜ワキガ軽減・悪化の理由について解説！","eternal"
1399,190318001,"post","永久脱毛に適切な施術回数は？｜目安の回数・期間を確認！","eternal"
1293,190311002,"post","自宅で永久脱毛は可能か｜家庭用脱毛器を使用する方法と注意点","eternal"
1290,190310001,"post","永久脱毛の値段相場をご紹介｜美容脱毛と医療脱毛で比較！","eternal"
1282,190309001,"post","永久脱毛とは？｜医療脱毛・エステ脱毛とどう違う？効果は？","eternal"
1279,190308001,"post","永久脱毛は本当に痛い？｜部位別・施術方法別で永久脱毛の痛みを解説！","eternal"
1261,190306001,"post","女性も髭の永久脱毛はできる？｜メリットとデメリットを解説！","eternal"
1249,190305001,"post","【アンケート結果あり！】永久脱毛の悩みを解決するには美容脱毛もおすすめ？","eternal"
1234,190304001,"post","永久脱毛を医療脱毛で施術する場合の特徴・注意点まとめ","eternal"
1231,190303002,"post","永久脱毛の本当の効果は？｜継続的な脱毛のお手入れが重要です！","eternal"
889,190206001,"post","永久保証のある脱毛サロンは良い？悪い？｜永久保証の本当の意味を解説！","eternal"
4752,191210001,"post","【アンケート特集！】クリスマスに一人で過ごす20代女子は全体の◯割もいた！","event"
4734,191210003,"post","12月10日は「三億円事件」の日。モチーフとされた映画3作をチェック","event"
4716,191205002,"post","12/6は「音の日」｜12月に聴きたくなるクリスマスソング7選！","event"
4681,191203003,"post","12月3日は「カレンダーの日」｜2020年の祝日や連休をまとめてチェック！","event"
4652,191128001,"post","【2019】関東で人気のイルミネーション7選！デートにぴったり?","event"
4663,191128002,"post","11/29はいい肉の日｜お肉の美味しい豪華なディナー7選","event"
4631,191126002,"post","11月29日はいい肉の日。肉料理にぴったりなお酒7選","event"
4622,191126003,"post","11月29日は「いい肉の日」｜自宅で簡単に絶品肉料理が作れるアイテム7選","event"
4610,191121001,"post","11月22日は「ラブラブサンドの日」｜おすすめのサンド10選","event"
4606,191121002,"post","11/22はいい夫婦の日｜二人で食べたいショートケーキ10選","event"
4590,191119001,"post","11/22は「いい夫婦の日」｜Amazonで頼めるごはんセットで二人の時間を過ごそう！","event"
4570,191115005,"post","【初心者向け】ボジョレー解禁。ワインを美味しく飲む方法3つ","event"
4533,191112003,"post","11月はボジョレー解禁。知っておきたいワインの豆知識5選","event"
4462,191101001,"post","いよいよ紅葉シーズン。有名な紅葉スポット10選","event"
4382,191027001,"post","ハロウィンにぴったり！かぼちゃを使った簡単料理レシピ","event"
4379,191027002,"post","ハロウィンを本格的に楽しむ！かわいいフェイスペイントの方法を紹介","event"
4365,191024002,"post","読み忘れはない？2018年の芥川賞受賞作品まとめ【読書の日】","event"
4371,191024004,"post","SNSで「いいね」を連打したくなる！ホームパーティーで作りたいハロウィン料理","event"
4350,191021001,"post","2019年のハロウィン流行仮装を予測！コスプレしたいのは人気のあの人？","event"
4326,191018004,"post","2019年現在のアニメ映画興行収入ランキングTOP3【アニメの日】","event"
4327,191017001,"post","令和初のハロウィンパーティーはお家で決まり！簡単な飾り付け5選","event"
4319,191017002,"post","2019年秋の土用の期間と丑の日｜過ごし方とNG行動に注意","event"
4302,191013001,"post","10月15日が【キノコの日】の由来とは？｜美容に効くキノコパワー！","event"
4223,191008003,"post","10月13日は【サツマイモの日】｜サツマイモの日になった由来と代表的な栄養素を紹介","event"
4214,191007001,"post","有名メーカーの新味は要チェック！秋の新作コンビニお菓子4選","event"
3849,190911001,"post","夏の終りに見逃せない！今オススメの映画4選","event"
3374,190820001,"post","9月も入れる海水浴場特集！人気のビーチはどこ？【伊豆・逗子・大阪など】","event"
3145,190808002,"post","女性はヒゲ嫌い？男性のヒゲはきれいに処理・脱毛がおすすめ！【アンケート結果】","event"
3122,190802001,"post","プールでできるダイエット！夏を楽しみつつ脂肪燃焼【無理なく痩せられる！】","event"
3082,190801001,"post","夏の定番デートスポットと言えば？｜気になる彼との距離を縮められる場所","event"
3077,190731001,"post","夏コーデを組み立てるためのファッションアイテムまとめ！","event"
816,190201002,"post","【大混乱】2019年バレンタインにTENGAをプレゼントする女子が急増","event"
805,190201003,"post","いつからバレンタインが女のものと錯覚していた…？常識をぶち壊すバレンタイン特集","event"
794,190201004,"post","バレンタインには真っ赤なLOVEランジェリーで美肌を晒すYUMMYMART","event"
652,181231001,"post","ミュゼの100円脱毛は嘘？仕組みや疑問を解決！3月中予約でつるすべ肌に","event"
1998,191030001,"post","白い鼻毛が生えてくるのは生活習慣が原因？｜鼻毛の白髪対策まとめ","face"
286,190930003,"post","もみあげ脱毛のメリットとデメリットは？｜自己処理での脱毛は要注意！","face"
2883,190721001,"post","額（おでこ）脱毛でメイク映えアップ｜おすすめの脱毛方法をご紹介！","face"
2836,190718001,"post","眉毛脱毛で理想の形を手に入れよう！眉毛のセルフ脱毛・サロン脱毛を比較","face"
2048,190529001,"post","顔の産毛処理をするメリットとデメリット｜脱毛で気をつけることは？","face"
2040,190528001,"post","顔脱毛でシミやそばかすが改善！｜エステサロンでの美容効果・メリット","face"
2030,190526001,"post","鼻毛を切り過ぎると鼻水・風邪の原因に？【花粉の季節は特に注意！】","face"
2028,190525001,"post","鼻毛の役割・処理方法について｜鼻毛を抜くとくしゃみが出る理由","face"
2009,190523001,"post","鼻毛が伸びやすいのには理由がある！【汚れた空気や加齢？】","face"
1980,190521001,"post","鼻毛が太い原因・太い鼻毛の処理方法と対策を解説！【男性ホルモンの増加？】","face"
1955,190520001,"post","鼻毛の抜き過ぎは要注意！｜鼻毛のお手入れは切るのがおすすめ！","face"
1764,190424001,"post","顔脱毛は何回通えば効果がでる？｜キレイに脱毛するために知っておくべきこと","face"
1760,190423001,"post","顔脱毛を自宅でするのは要注意！｜自己処理でのデメリットまとめ","face"
1755,190422001,"post","顔脱毛で鼻（小鼻）脱毛をしてもらうメリット【毛穴もキレイになる!?】","face"
1738,190420001,"post","顔脱毛で毛穴が目立たなくなる！｜顔脱毛後の正しいケア方法も大事！","face"
1697,190415001,"post","顔脱毛をする当日の化粧はOK！【顔脱毛後の化粧は要注意】","face"
1353,190315002,"post","眉毛の永久脱毛はデメリットも！｜サロンの顔脱毛は肌への負担が少ない！","face"
1347,190314001,"post","耳毛を永久脱毛で処理するメリットとデメリットまとめ","face"
1337,190313001,"post","鼻毛の永久脱毛はできるけどリスクも大きい？｜知っておくべきメリットとデメリット","face"
1276,190307001,"post","髭の永久脱毛は失敗のリスクも！｜女性がする鼻下・髭の脱毛はサロンがおすすめ","face"
168,181031014,"post","意外と見られている！注目のうなじ脱毛の回数と料金・メリットについて","face"
278,181031020,"post","眉毛脱毛の効果とメリットとは？自己処理との差を徹底比較","face"
223,181031027,"post","顔脱毛の必要性とは！？効果・メリット・デメリット・料金を解説！","face"
4738,191210004,"post","12/10日は「アロエヨーグルトの日」｜美容効果やダイエットメニューをチェック！","food"
4710,191205003,"post","毎月6日はメロンの日。メロンは美容・ダイエットに効果あるって本当？","food"
4687,191203004,"post","12/3は「ひっつみの日」｜岩手の郷土料理を美味しくいただこう！","food"
4643,191128004,"post","家で焼肉をした後のニオイが気になる...部屋からニオイを消す方法とは？","food"
4596,191121004,"post","明日は「勤労感謝の日」｜「プチ断食」で疲れた胃をすっきり！","food"
4557,191115003,"post","ボジョレー解禁！ワインと一緒に食べると美容効果がUPする食べ物7選","food"
4572,191115004,"post","今夜はワインを堪能。ワインに合う簡単なおつまみレシピ4選！","food"
4529,191112001,"post","【ボジョレー解禁】ワインの美容効果5つを解説！","food"
4537,191112002,"post","まもなくボジョレー解禁！ワインにぴったりな日本料理6選","food"
4508,191108001,"post","11/8は「いい歯の日」｜歯に良いおすすめな食べ物8選","food"
4481,191105001,"post","11月5日はごまの日！簡単にできる胡麻を使ったおつまみ5選","food"
4446,191101002,"post","11月が旬の魚7選！食欲の秋は魚を堪能しよう","food"
4421,191031001,"post","食欲の秋だからこそ。11月が旬のおすすめな野菜・果物7つを紹介！","food"
4404,191031003,"post","11月1日は「紅茶の日」！嬉しい紅茶の美容効果5つとは？","food"
4343,191022001,"post","マーガリンは本当に危険なの？｜体に悪いと言われている理由はトランス脂肪酸！","food"
4330,191018002,"post","旬の魚を使ったかんたん料理レシピ3選｜サンマ・ニシン・マガレイ","food"
4340,191018003,"post","肌のツヤやうるおいアップに！ウナギの美容レシピ【秋の土用】","food"
4305,191014001,"post","乾燥知らずの肌になる！？キノコを使った美容レシピ【キノコの日】","food"
4225,191008001,"post","意外にヘルシー！サツマイモを使った美容レシピ【サツマイモの日】","food"
4150,191001002,"post","10月が旬の食材3選｜栄養素とおいしい食べ方を紹介","food"
4110,190927002,"post","栄養バランスは健康・美容の鍵！キレイになれるお弁当を作るポイント","food"
4021,190925005,"post","【パティシエ監修！】TOKYOスイーツダイエットの効果・評判を調査！","food"
4017,190924002,"post","お酒を飲んでもヘルシー？美容におすすめのおつまみは？","food"
3967,190920002,"post","休みの日にチャレンジしたいプチ断食！成功のコツは？","food"
3926,190916001,"post","高カロリーにならない！外食ランチを楽しむポイント","food"
3765,190908002,"post","お酒を飲んでキレイになれる！女性におすすめのお酒","food"
3613,190829001,"post","都内でおすすめのヘルシーランチは？｜野菜・サラダランチが好きな方は必見！","food"
1053,190307002,"post","【2019/3/31終了】全身脱毛診断メーカー発「#美容飯」Twitter・Instagramハッシュタグキャンペーン！","food"
687,190105001,"post","美容脱毛専門サロンミュゼプラチナムより、業界初のクレジットカード「Mカード」が誕生！","food"
2955,190724002,"post","全身脱毛のおすすめサロン9選｜全身脱毛の回数目安・サロンを選ぶポイント","full"
2689,190712001,"post","全身脱毛のサロン比較｜完了までにかかる料金と回数目安","full"
2666,190711001,"post","医療全身脱毛のメリット・デメリットを解説！安く脱毛するならサロンがおすすめ","full"
904,190210002,"post","全身脱毛のメリットは時間と費用の節約！｜全身脱毛の魅力をご紹介","full"
172,181031002,"post","全身脱毛はコスパが良い？料金・サロン選び・メリット・注意点を徹底解説！","full"
4093,190929001,"post","銀座カラーでの脱毛にかかる料金まとめ！メリット・デメリットは？","ginza-calla"
4089,190929002,"post","銀座カラーでVIO脱毛の効果｜脱毛の痛み・料金や回数はどのくらい？","ginza-calla"
3072,190801002,"post","【初心者必見】銀座カラーの無料カウンセリングに潜入！料金・回数・キャンペーンなど徹底解説","ginza-calla"
2466,190701001,"post","銀座カラー・銀座本店のアクセス・最寄駅からのルートは？","ginza-calla"
2382,190628001,"post","銀座カラーのCM出演者（俳優・女優）をご紹介｜過去のCMは？","ginza-calla"
2378,190627001,"post","銀座カラーの予約方法・変更やキャンセルの注意点まとめ","ginza-calla"
2328,190625002,"post","銀座カラーの顔脱毛の範囲・料金プランは？｜気になる効果をチェック！","ginza-calla"
704,190108001,"post","「川栄李奈」が悩める女性に！！「加藤諒」がミス・チョイスに変身！？銀座カラー新CM","ginza-calla"
500,181201001,"post","美容脱毛サロン銀座カラー「3ヵ月間全額返金保証」を実施！","ginza-calla"
343,181031024,"post","格安で通い放題！『銀座カラー』の脱毛効果や通いやすさをレビュー！","ginza-calla"
3754,190904001,"post","アミノ酸シャンプーでしっとりした髪へ！市販でおすすめのシャンプーは？","hair"
3605,190828001,"post","プチプラで簡単にできる美容法って？｜安くキレイにスキンケア！","hair"
3540,190827001,"post","日焼けした肌のアフターケアでダメージは軽減できる？【肌を守るためにできること】","hair"
4677,191203002,"post","冬の感染症「インフルエンザ」「ノロウイルス」とは？対策方法も解説","health"
4503,191108002,"post","11月8日は「いい歯の日」｜虫歯対策に効果的な歯磨きとは？","health"
4484,191105003,"post","毎日やろう！1日1回のインフルエンザ予防対策7選","health"
4309,191015001,"post","寝不足で肌荒れになるメカニズムとは？｜生活習慣を整えて美肌リズムを作る！","health"
4219,191008002,"post","歯は見た目だけじゃなく健康にも重要！セルフケアグッズ5つと選び方","health"
4144,191001003,"post","10月に流行する病気と予防策｜ノロやインフルエンザにご注意を！","health"
4046,190926005,"post","エルセーヌの痩身エステで本当に痩せられる？｜体験コースがおすすめ！","health"
4027,190925003,"post","【寝不足が辛いあなたへ】快眠サプリメント『快眠プラス』で質の高い睡眠をサポート！","health"
4013,190924003,"post","バスタイムで疲れを癒す！おすすめの入浴剤4選","health"
3973,190920001,"post","明日から見直したい「キレイ」を作る生活習慣","health"
3839,190910001,"post","キレイになれる！美容や健康におすすめの人気の趣味","health"
4478,191105002,"post","秋といえば？秋を感じさせるJ-POPを7曲紹介！","hobby"
4409,191031002,"post","三連休にまとめて観たい！おすすめの新作映画7選を一気に紹介","hobby"
4228,191009002,"post","大人女子必見！”芸術の秋”を感じられるオススメ新作映画","hobby"
3742,190905002,"post","女性としての魅力をもっと磨くために！あったら便利な資格","hobby"
3674,190902002,"post","大人女子におすすめ！スマホでの音楽の楽しみ方","hobby"
3603,190828002,"post","ボルダリング初心者は一人だと恥ずかしい？｜慣れるために知っておくべきこと","hobby"
3587,190826002,"post","タピオカの次はチーズティーが流行る？｜インスタグラムで人気のチーズティー専門店は？","hobby"
3126,190803001,"post","プールに行く女性が必要な持ち物リスト！しっかり準備して楽しもう","hobby"
793,190227001,"post","2019年春から港区夫人を目指してゴルフを始める女子が急増！","hobby"
4280,191011001,"post","【潜入】キレイモの無料カウンセリングへ！痛さや料金・特徴について解説","kireimo"
2743,190715002,"post","キレイモの解約方法をチェック！返金対応やローン残金はどうなる？","kireimo"
2450,190701004,"post","キレイモの化粧水（ナチュナルローション）の効果と口コミまとめ","kireimo"
2429,190629001,"post","【キレイモ】フォトジェニックな“キレイモ スタジオ Produced by TGC”オープン！","kireimo"
2422,190629002,"post","キレイモのCM（渡辺直美）の曲・ロケ地は？｜過去のキレイモCMもご紹介","kireimo"
2324,190624001,"post","キレイモでの予約・キャンセル方法まとめ｜前日・当日キャンセルはできる？","kireimo"
2259,190619001,"post","【キレイモ】キレイモで全身脱毛をスタートしてDa-iCEに会いにいこう！","kireimo"
2258,190619002,"post","キレイモの学割でどれだけ安くなる？｜学割プラン・支払い方法を解説","kireimo"
2073,190602002,"post","【プレゼント】美容脱毛サロン「キレイモ」旅行券10万円が当たるチャンス","kireimo"
1581,190402002,"post","【キレイモ】WEB広告に出演＆あなたをキレイにする体験も当たる「キレイモでチェンジ選手権」を開催！","kireimo"
1371,190315001,"post","「キレイモ史上最高の感謝祭?」ご好評につき時間限定キャンペーン第2弾スタート","kireimo"
1063,190225002,"post","キレイモ新TVCM「KIREIMO 100%GIRLS!! 感謝祭 篇」全国14エリアにて放送開始","kireimo"
1036,190221002,"post","「キレイモ史上最高の感謝祭?」555秒に1組が当選！沖縄ビューティーキャンプをプレゼント","kireimo"
953,190213001,"post","5,555名様に豪華体験や美容家電などが当たる「キレイモ史上最高の感謝祭!!」","kireimo"
692,190106001,"post","【コンテスト】Tik Tok × KIREIMO「＃最高のワタシへ選手権」開催","kireimo"
681,190101001,"post","住宅街に、240体の渡辺直美が出現！？不思議な国に迷い込んだかのような、異様な世界にご注目！","kireimo"
332,181031025,"post","芸能人にも人気！『キレイモ』の脱毛効果や通いやすさをレビュー！","kireimo"
3658,190903004,"post","恋肌の同意書の書き方！未成年でも保護者の同意があれば脱毛可能","koihada"
3654,190901001,"post","恋肌の支払い方法は4種類！｜脱毛料金の支払いでローンを組むことはできる？","koihada"
3239,190807001,"post","恋肌とキレイモの脱毛を比較｜それぞれの脱毛効果・料金プラン・痛みをチェック！","koihada"
3182,190806001,"post","恋肌のシェービング代を解説｜自己処理できない（手の届かない）部位は無料です","koihada"
3159,190805001,"post","恋肌の解約方法まとめ｜解約手数料・クーリングオフ制度の条件をチェック！","koihada"
3146,190802002,"post","恋肌は学生に優しい学割プランがお得！｜通常料金の10%OFFで通える！","koihada"
3137,190802003,"post","恋肌の予約方法｜電話？Web？どこから予約すればいいの【キャンセル方法も！】","koihada"
3141,190731002,"post","恋肌の主な料金プランは月額制とパック！【恋肌の安さの秘密は？】","koihada"
2376,190701002,"post","【検証】恋肌の脱毛は効果ない？効果・料金プラン・痛みを体験レポート！","koihada"
2332,190625001,"post","【恋肌】９割の女性が自身のムダ毛を気にしていると回答！","koihada"
2032,190529002,"post","【月額1,409円で通える！】恋肌のキャンペーン特集｜お得な割引情報まとめ","koihada"
2946,190723001,"post","ラココは予約が取りにくい脱毛サロン？【予約の取り方・キャンセル方法まとめ】","lacoco"
2575,190709001,"post","ラココのイメージモデル（楢葉ももなさん）のプロフィール・魅力をご紹介！","lacoco"
2515,190708001,"post","ラココの支払い方法でおすすめは？｜分割払い・分割ローンの注意点","lacoco"
1010,190219001,"post","ラココ（lacoco）の脱毛体験レビューまとめ｜早い＆痛くない脱毛ができる！","lacoco"
3964,190919002,"post","意外と目立つ！太もものムダ毛をサロン脱毛するメリット","leg"
3795,190908001,"post","すね毛を抜くのはデメリットがたくさん！リスクが少ないおすすめの処理方法は？","leg"
3786,190907001,"post","女性のすね毛が濃くなってしまう原因はストレスかも？【脱毛でキレイに！】","leg"
3734,190906001,"post","女性もすね毛はのびる！女性のすね毛におすすめの処理方法は？","leg"
1790,190430001,"post","レーザー脱毛は何回必要？｜効果がでるまでの回数目安を解説！","light"
1049,190222001,"post","レーザー脱毛は少ない施術回数で済む！｜メカニズムとメリット・デメリット","light"
4586,191119002,"post","世界トイレの日って知ってる？世界・日本の変わったトイレ10選","living"
4274,191010001,"post","【男性100人に聞きました！】ミニスカートを履いた彼女を連れて行きたくないデートスポットとは？","living"
4210,191007002,"post","秋の連休で体験したい準備のいらないスポーツ3選！｜おすすめのアクティビティは？","living"
4155,191002002,"post","ほっこり泣きたい秋の夜に。動物が主役の映画3選【世界動物の日】","living"
4164,191002004,"post","【国際協力の日】レディーファーストはヨーロッパから！世界の恋愛情報","living"
4156,191001001,"post","世界のエリア別の代表的なおつまみをチェック【国際協力の日】","living"
4141,191001006,"post","秋に飲みたいコーヒー豆の種類｜コクと香りが楽しめる品種はこちら【コーヒーの日】","living"
4059,190927006,"post","疲れた日も元気&ハッピーになれる！おすすめの映画4選","living"
4054,190926001,"post","大人女子におすすめ！今からでも楽しめる人気の趣味","living"
4006,190924004,"post","結婚・出産後も有利に再就職できる！おすすめの資格","living"
3961,190919003,"post","同棲する部屋を借りる際に注意すべきポイント","living"
3958,190919004,"post","大人女子にこそおすすめしたい！生演奏が聴けるおしゃれ東京カフェの魅力","living"
3912,190916003,"post","大人女子に習い事がおすすめの理由！今から始めたい習い事","living"
3712,190903002,"post","同棲したら生活費はどれくらい必要？｜一人暮らしの時と比べて2倍もかからない！","living"
3649,190831001,"post","ファイナンシャルプランナーは女性におすすめ！｜資格取得のポイント","living"
3456,190822001,"post","20代からでも英語の勉強は間に合う！｜英会話を学ぶと何ができる？","living"
2345,190626002,"post","【6/26・露天風呂の日特集】脱毛診断メーカー×ミュゼプラチナム×インフルエンサー｜脱毛座談会を開催！","living"
2257,190626003,"post","【アンケート結果あり】露天風呂で楽しかった思い出は？【女性の方限定】","living"
2250,190626004,"post","女性300人に聞きました！おすすめの入浴剤はなんですか？【アンケート記事】","living"
2300,190626005,"post","【思い出したくない？】露天風呂で恥ずかしかった思い出・アンケート結果","living"
2237,190626006,"post","あなたはだれといく？楽しい思い出をつくるには、だれと露天風呂にいけばいいのか？","living"
2248,190626007,"post","【温泉地No.1は？】300人に聞いてみた！行ってよかった温泉地はどこだ！？","living"
2231,190615001,"post","今時の20代女子について調査！｜脱毛・お財布事情・ダイエット・ファッションの傾向まとめ","living"
1248,190311001,"post","東日本大震災から8年。女性が避難時に実際に役立った物","living"
1239,190303001,"post","平成最後の日を平成生まれ1,000人が撮影！写真展『平成が終わルンです Final』の開催が決定。","living"
1208,190301001,"post","住みたい街ランキング2019 関東版 総合1位は2年連続で「横浜」！「大宮」は初のTOP5入り!!","living"
609,181223001,"post","4人に1人が月1回以上利用の“銭湯女子”であることが判明！","living"
2939,191025001,"post","恋愛を諦めた理由と簡単に自信をつける方法【初恋が叶った人は●%しかいない！？】","love"
3315,190811001,"post","恋愛がめんどくさいと感じる女性の心理は？自分を変えたいなら脱毛で美肌に！","love"
1377,190316001,"post","永久脱毛のデメリットを事前に確認しておこう！｜サロンへ無料相談もできます！","medical"
883,190205001,"post","【医療脱毛VS美容脱毛】効果・費用を比較！【コスト面は美容脱毛が有利！】","medical"
780,190201001,"post","【アンケート結果あり】医療脱毛vs美容脱毛の徹底比較！あなたならどっちを選ぶ？","medical"
4638,191201001,"post","【12/31まで】今だけ全身脱毛を50円で！？｜ミュゼの年間パスポートがお得！","musee"
4438,191101004,"post","【全身脱毛2回で360円→180円！？】11月限定・ミュゼキャンペーン特集・解説！","musee"
4387,191020002,"post","全身脱毛2回もできてたった360円→180円！？｜脱毛サロン・◯◯がお得でスゴイ！","musee"
4066,190930001,"post","全身脱毛2回分で240円！｜10月のミュゼキャンペーンで全身脱毛をはじめる！","musee"
4128,190929004,"post","10月のミュゼキャンペーンは全身脱毛2回分で240円！【今がチャンス！】","musee"
4077,190928001,"post","ミュゼでは鼻下・顔脱毛ができない？｜顔脱毛が廃止になった理由は？","musee"
4073,190927001,"post","ミュゼの全身脱毛で一気にツルリ肌！｜全身脱毛のメリット・お手入れ回数は？","musee"
4069,190927005,"post","ミュゼの店舗は全国展開&店舗数業界内No.1！｜他店舗へ通う時の注意点って？","musee"
4039,190926003,"post","ミュゼでの追加契約は珍しいことじゃない！脱毛の部位・回数を増やす流れ","musee"
4130,190925006,"post","全身脱毛2回分で240円！｜10月のミュゼキャンペーンは全身脱毛がお得！","musee"
3821,190910002,"post","ミュゼでIライン（アイライン）脱毛を行うメリット！生活面はどう変わる？","musee"
3870,190910003,"post","ミュゼのキャンペーンがお得な理由って？｜過去のキャンペーンもご紹介！","musee"
3812,190909001,"post","ミュゼの脱毛コースは大きく分けて3種類！｜どのコースを選ぶのがおすすめ？","musee"
3774,190906003,"post","ミュゼの脱毛をクーリングオフする流れ｜途中解約・返金で知っておくべきことは？","musee"
3770,190905001,"post","ミュゼショッピングに会員登録してコスメをお得に購入しましょう","musee"
3608,190901004,"post","全身脱毛2回分で360円！｜9月のミュゼキャンペーンは全身脱毛がお得！","musee"
3598,190825001,"post","全身脱毛2回分で360円！｜9月のミュゼキャンペーンは全身美容脱毛コースがおすすめ！","musee"
1106,190718002,"post","【レポート】コロリーとミュゼプラチナムが統合。コロリー会員はどこに注意すべき？","musee"
2708,190713002,"post","ミュゼ池袋南口店のアクセス｜池袋駅東口からの行き方まとめ","musee"
2475,190702002,"post","【今月は特にお得！】ミュゼの最新版キャンペーン特集【両ワキ・Vラインで2年間！】","musee"
2439,190701003,"post","【ミュゼコスメ】「薬用ヘアリムーバルクリーム」 ＠cosmeクチコミランキング 脱毛・除毛部門「第1位」を受賞！","musee"
2347,190701005,"post","【2019年7月最新版】ミュゼのキャンペーン情報まとめ【2年間通える！】","musee"
2244,190617001,"post","ミュゼの友達紹介特典のメリットと注意点まとめ","musee"
2194,190614001,"post","ミュゼのお手入れ前の注意事項まとめ｜当日の服装・気をつけておくべきことは？","musee"
2190,190613001,"post","ミュゼの予約確認はマイページからチェック！｜無料カウンセリング予約の注意点は？","musee"
2182,190611001,"post","ミュゼのお手入れ前の剃り残しはNG？｜シェービングサービスの有無をチェック","musee"
2173,190610001,"post","ミュゼのトライアングル上・下の脱毛範囲を解説｜他サロンとの違いは？","musee"
2150,190609001,"post","【2019年6月版】夏の美容脱毛キャンペーン番付！どこのキャンペーンが魅力度No1か徹底追及した","musee"
2152,190609002,"post","ミュゼの当日キャンセル方法について解説【24時間以上前の連絡がベスト】","musee"
2128,190607002,"post","ミュゼの電気シェーバーの口コミ・評価｜自己処理で使いやすい理由","musee"
2046,190606001,"post","【体験】ミュゼの脱毛は効果ある？体験レポート｜痛さ・料金・口コミを検証","musee"
2123,190606002,"post","ミュゼの解約方法・解約金（返金）をチェック｜解約前の確認事項","musee"
2101,190605001,"post","ミュゼプラチナムのCMに出演している女優・モデルの情報まとめ【2019年6月最新】","musee"
2089,190605002,"post","ミュゼの6月限定キャンペーン特集【50円で脱毛できる！】","musee"
2033,190601001,"post","【2019年6月最新】ミュゼのキャンペーン特集【50円で脱毛！】","musee"
1962,190521002,"post","【2019年5月号】ミュゼのお得なキャンペーンがまもなく終了！梅雨へ突入する今の時期が脱毛チャンス！","musee"
1948,190515001,"post","【2019年5月更新】ミュゼプラチナムのキャンペーン・割引情報まとめ","musee"
1821,190503001,"post","ミュゼのVIO脱毛の料金と効果を解説｜おすすめポイントまとめ","musee"
1649,190409001,"post","ミュゼの除毛クリーム（エピケアシリーズ）はどこで買える？｜使い方のコツまとめ","musee"
1587,190402001,"post","ミュゼのまつげエクステ専門店「MAQUIA」100店舗を突破！","musee"
1533,190401001,"post","谷まりあ、フリー演技に初挑戦！ミュゼプラチナム新CM「キレイをスタート篇」4月7日（日）放送開始","musee"
1542,190401002,"post","【ミュゼ】歯を丈夫に導く新オーラルケアブランド「yoboo」誕生！","musee"
1525,190329001,"post","【ミュゼ】3月31日終了「100円で足まるごと脱毛」or「780円で全身脱毛チョイス」","musee"
1439,190320001,"post","『うさぎ帝国』×『ミュゼプラチナム』ゆる〜い世界観がクセになる、コラボLINEスタンプ登場！","musee"
1202,190301002,"post","【ミュゼ】累計販売数290万本の大人気アイテム 薬用ミルクローションより 2019年春限定「クリアフローラルの香り」が誕生！","musee"
1166,190301003,"post","2019年春のサンシャインシティは豊島区発祥の桜・ソメイヨシノや春の花々が満開！","musee"
1125,190226003,"post","美容脱毛専門サロン「ミュゼプラチナム」「南越谷駅前店」3月4日(月)オープン！","musee"
991,190217001,"post","【ミュゼプラチナム】サロンクオリティのスペシャルケアが自宅で可能に！","musee"
898,190209003,"post","脱毛サロンの契約期間中の途中解約・キャンセル料は？【ミュゼの場合】","musee"
725,190119001,"post","カラダだけでなく心も美しく！美容脱毛専門サロンミュゼプラチナム、古着回収BOXをサロン店内で実施","musee"
714,190114001,"post","美容脱毛専門サロン「ミュゼプラチナム」乳がん検診体験イベント開催！","musee"
596,181220001,"post","【悲報】ミュゼプラチナムの＜両ワキ+Vライン＞通い放題100円コースが年内で終了！","musee"
567,181217001,"post","【モニター】「ミュゼプラチナム」×「夜遅いごはんでも」5万セットサンプリング実施！","musee"
530,181210001,"post","デリケスキン（ミュゼコスメ）の評判は？｜70％以上の女性が抱える肌悩みに応える！","musee"
487,181130001,"post","美容脱毛専門サロン「ミュゼプラチナム」47都道府県完全制覇！","musee"
355,181031003,"post","口コミでも人気多数！『コロリー』の脱毛効果や通いやすさをレビュー！","musee"
321,181031026,"post","【業界ナンバー1】ミュゼプラチナムの脱毛効果・料金の満足度をレビュー","musee"
3677,190902003,"post","首やうなじのムダ毛を脱毛する適切な方法は？【実はよく見られている部位！】","neck"
251,181031006,"post","脱毛で人気の施術箇所は？どんな脱毛箇所があるの？","portion"
2950,190724001,"post","SASALAの予約方法と変更・キャンセル方法【全身脱毛でキレイに！】","sasala"
2717,190714001,"post","SASALA（ササラ）の最新イメージモデル・youtuberのプロフィールは？","sasala"
2721,190706001,"post","SASALAの全身脱毛はお得？｜料金・お手入れ部位の範囲を解説！","sasala"
2486,190703001,"post","【SASALA】脱毛サロンSASALA×古川優香キャンペーン第3弾！！ 7/15迄","sasala"
1492,190326001,"post","【SASALA】『超十代-ULTRA TEENS FES -2019』に協賛決定！","sasala"
1153,190228001,"post","SASALA（ササラ）のレビュー・体験談まとめ｜他サロンとの比較でメリットは？","sasala"
1135,190226001,"post","脱毛サロン「SASALA」は全額返金保証、解約手数料分のギフトカードプレゼントの新乗り換え割を開始！","sasala"
1130,190226002,"post","脱毛サロン「SASALA」は月額の2ヶ月分0円の期間限定キャンペーンを開始","sasala"
788,190131001,"post","脱毛サロン「SASALA」が新キャンペーンを実施！豪華賞品をGET！","sasala"
606,181222001,"post","脱毛サロン「SASALA」銀座店は2019年1月4日にリニューアルOPEN","sasala"
516,181205001,"post","脱毛サロン「SASALA」が11月28日よりクリスマスのプレゼントキャンペーンを開始","sasala"
4567,191115002,"post","勤労感謝の日にはご褒美を。おすすめのフェイスケアアイテム10選","skin"
4498,191110001,"post","乾燥対策におすすめ！これから使える加湿器7選と選び方【2019】","skin"
4194,191109001,"post","冬のスキンケアは乾燥対策・保湿が大事？｜おすすめの化粧水・コスメ9選＋1","skin"
4356,191023001,"post","アップ写真でも恥ずかしくない指先はケアが重要【ハロウィンに向けたボディケア】","skin"
4347,191020001,"post","実年齢＋3歳？年齢が出る首のシワを改善するスキンケア・マッサージ","skin"
4204,191007004,"post","顎にニキビができてしまう原因は？｜生活習慣・スキンケアで予防対策を！","skin"
4169,191002003,"post","手荒れとはどんな症状？｜手荒れの原因や予防方法を紹介【放置はNG！】","skin"
4051,190926004,"post","美白サプリで効果を実感できる？｜マスターホワイトの評判・美白効果をチェック！","skin"
3597,190920003,"post","ノンエー（Non.A）でニキビ0の美肌に？効果やメリットをレビュー","skin"
3925,190915001,"post","うなじにニキビができてしまう原因は？｜ニキビを予防することはできる？","skin"
3931,190913001,"post","脇の黒ずみができてしまう原因は？｜黒ずみを改善する方法をすぐに実践！","skin"
3729,190903003,"post","胸にニキビができてしまう原因は？｜ニキビを予防することはできる！","skin"
3673,190903005,"post","クリスタルモーションでニキビ0のデコルテ美人に！効果・口コミを調査","skin"
3389,190818001,"post","【写真付レビュー】ファリネは手汗に効果なし？口コミや使い方を徹底解説","skin"
3393,190815004,"post","日本初の手汗対策用パウダー・farine（ファリネ）がスゴイ！ベタベタの手汗にさよなら！","skin"
2052,190530001,"post","脱毛後の自己処理で気をつけるべきことまとめ【お肌ケア対策】","skin"
4385,191111001,"post","ランニングに脚やせ効果はある？ダイエット目的でのランニングで気をつけるべきポイント","sport"
4523,191111002,"post","ジムでのおすすめお腹やせダイエットって？｜効果的な有酸素運動・無酸素運動","sport"
3915,190914001,"post","脚を筋トレで細くしたい！｜女性におすすめの筋トレ方法はスクワット！","sport"
3889,190912001,"post","デスクワークしながらでOK！会社で簡単にできるダイエット方法","sport"
3726,190904003,"post","明日から0円で始められる！フェイスライン美容法","sport"
3647,190830001,"post","人気インスタグラマーの宅トレをチェック！｜効率的なトレーニング方法って？","sport"
3453,190821001,"post","ゆんころ（小原優花）の筋トレでやせられる？｜おすすめトレーニング方法をご紹介！","sport"
3397,190815003,"post","脚のむくみや膝のたるみを即日ケア！自宅でできる本格美脚エステ「ボニックプロ」","sport"
3570,190826001,"post","1日5分で猫背が治る！？｜今からできるストレッチ方法で猫背を解消！","sport"
4101,191001005,"post","ストラッシュと銀座カラーの脱毛を比較！｜料金・痛み・脱毛効果は？","stlassh"
4097,190930002,"post","ストラッシュでのVIO脱毛は他でやるより痛みが少ない？【新方式SHRとは？】","stlassh"
2887,190720001,"post","脱毛サロン・ストラッシュの予約方法は？【高品質&低価格がウリ！】","stlassh"
2712,190713001,"post","ストラッシュ渋谷中央店のアクセス・評判は？｜渋谷にあるエステサロン比較","stlassh"
2497,190705001,"post","ストラッシュで脱毛効果を感じるのは何回？｜全身脱毛の回数目安","stlassh"
2491,190704001,"post","ストラッシュの学割でどれだけ安くなるか検証！【料金比較】","stlassh"
1029,190221001,"post","ストラッシュ（STLASSH）の無料カウンセリング体験談・レビューまとめ","stlassh"
685,190103001,"post","STLASSH（ストラッシュ）のイメージモデルにNMB48吉田朱里を起用！【2019年4月更新】","stlassh"
1478,190324001,"post","脇に埋没毛ができやすいのは処理方法に問題がある！【正しいムダ毛処理を解説】","underarm"
1334,190312001,"post","脇の永久脱毛はクリニックよりサロンの方がおすすめな2つの理由","underarm"
160,181031022,"post","脇脱毛を徹底解説！方法・料金・回数・疑問をすべてご紹介！","underarm"
4063,190926002,"post","VIOの処理におすすめの家庭用脱毛器は？｜家庭用脱毛器を利用するメリット","vio"
3916,190916004,"post","肌を傷つけないOラインの正しい剃り方って？【電気シェーバーの使い方】","vio"
3719,190903001,"post","水着姿に自信が持てる♪ Iライン（アイライン）の正しい剃り方","vio"
2878,190719001,"post","デリケートなIライン（アイライン）脱毛の気になる痛み！サロン脱毛の基礎知識","vio"
2752,190717001,"post","oライン脱毛は痛い噂も？｜oライン脱毛にかかる回数目安・知っておくべきことまとめ","vio"
2732,190715003,"post","夏前にVライン脱毛しよう！人気の形と必要な回数目安【ビキニラインの脱毛】","vio"
2600,190710001,"post","VIO脱毛おすすめコンテンツ｜デリケートゾーンの脱毛で役立つ記事16選","vio"
1965,190524001,"post","VIO脱毛をした「きっかけ」をアンケート集計！｜体験者の82％が満足している","vio"
1941,190517001,"post","VIO脱毛は生理中だと受けられない？｜生理中の脱毛は要注意！","vio"
1936,190516001,"post","VIO脱毛後でチクチクする？｜不快なチクチクを和らげる方法をご紹介！","vio"
1932,190515002,"post","VIO脱毛のメリットは多い！｜デメリットとの比較で注意点もチェック！","vio"
1924,190514001,"post","VIO脱毛は後悔する？｜後悔・失敗しないための注意点","vio"
1911,190512001,"post","VIO脱毛は何回かかる？｜目安の期間・時間がかかる理由は？","vio"
1907,190511001,"post","VIO脱毛で痒みが生じる理由は？｜痒みの予防対策まとめ","vio"
1904,190510001,"post","VIO脱毛の体勢が気になる！｜お手入れ時の体勢・服装をチェック！","vio"
1901,190509001,"post","VIO脱毛について彼氏（男性）はどう思う？【賛成・反対の意見】","vio"
1894,190508001,"post","VIOはどこの部分？｜VIO脱毛の理由と範囲について解説","vio"
1889,190507001,"post","VIO脱毛は痛い？｜痛みの少ないお手入れはエステサロンで！","vio"
1844,190506001,"post","VIO脱毛の全処理（ハイジニーナ）のメリット・デメリット【海外セレブに大人気！】","vio"
1838,190505001,"post","VIOを光脱毛（エステサロン）でお手入れするメリットとデメリット","vio"
1834,190504001,"post","VIO（デリケートゾーン）の黒ずみができる理由・対処法を解説！","vio"
1621,190405001,"post","安いVIO脱毛のおすすめは？｜サロンと医療脱毛の料金比較","vio"
1618,190404001,"post","VIO脱毛の回数と期間の目安は？｜美容脱毛と医療脱毛で比較！","vio"
1612,190403001,"post","医療クリニックのVIO脱毛の特徴｜痛みの理由や対策方法とは","vio"
1578,190402003,"post","VIO脱毛で人気が高いVラインの形｜整え方と自己処理のポイント","vio"
1513,190330001,"post","VIO脱毛が恥ずかしくても安心して受けられる理由｜痛みについても説明","vio"
1510,190329002,"post","VIO脱毛（デリケートゾーン）の永久脱毛でおすすめの施術方法は？｜それぞれのメリット・デメリットまとめ","vio"
247,181031007,"post","Iライン（アイライン）はサロン脱毛がおすすめな理由！医療脱毛では痛すぎる？","vio"
231,181031011,"post","脱毛サロンで行うVIO脱毛とは｜自己処理とサロン脱毛の違い","vio"
3828,190906002,"post","※【CROCOテスト】同棲したら生活費はどれくらい必要？","削除"
3073,190801003,"post","【1パーツ50円！】ミュゼのお得なキャンペーン情報【2019年8月最新版】","削除"
114,181014001,"post","見出し・目次サンプル","削除"
120,181014002,"post","吹き出しテスト","削除"
119,181014003,"post","テーブルサンプル","削除"
118,181014004,"post","その他パーツサンプル","削除"
117,181014005,"post","テスト記事cat2","削除"
116,181014006,"post","テスト記事cat1","削除"
115,181014007,"post","テスト記事cat2","削除"
